ila_kertzmann@gorczany.name,54.17062959572754
payton_abernathy@mante.name,68.83023704374989
karlee@predovicpacocha.info,76.12044021628347
winnifred.howell@ruelkeler.org,24.210873687639005
gladys@powlowskicorwin.org,52.49033886753513
kaitlin.blanda@koeppjohns.name,22.16086583050803
buford@ebert.info,46.94016521437201
demetrius@wolff.info,24.370979398811055
daphne@kirlin.net,39.88058719619514
lacey@oconnerthiel.net,36.520942114966424
jayme@fritschkulas.net,70.76039986352677
adolphus@runolfsdottir.biz,3.210491942070914
chet@schuppe.com,3.1903233601554137
rafael@hansen.org,56.310308289031916
kasandra@swaniawski.name,76.73011894290501
geovany@thiel.info,81.32046370799628
aiyana@fahey.name,31.330789022329633
